res_n,res_type,chain,rotamer
31,SER,A,t
31,SER,A,m
35,ASN,A,m-80
35,ASN,A,m120
41,LYS,A,mttm
41,LYS,A,mmtm
44,PHE,A,p90
44,PHE,A,m-85
50,SER,A,t
50,SER,A,m
58,LYS,A,mttt
58,LYS,A,mptt
70,LEU,A,mt
70,LEU,A,tt
84,LYS,A,mttp
84,LYS,A,mttt
87,ARG,A,ttm180
87,ARG,A,ttm-85
98,MET,A,mtm
98,MET,A,mtp
156,ASP,A,m-20
156,ASP,A,p-10
165,SER,A,m
165,SER,A,p
174,THR,A,m
174,THR,A,p
174,THR,A,t
185,LYS,A,tttt
185,LYS,A,mttt
187,ILE,A,tt
187,ILE,A,mt
191,LYS,A,mttt
191,LYS,A,mtpt
203,ILE,A,mt
203,ILE,A,tt
203,ILE,A,mm
206,ILE,A,mt
206,ILE,A,tt
206,ILE,A,tp
208,LYS,A,tttt
208,LYS,A,mttt
213,PHE,A,m-85
213,PHE,A,p90
